{"name":"f6849a18-804e-402d-a46e-93c301b4a889","id":"/providers/Microsoft.Flow/flows/f6849a18-804e-402d-a46e-93c301b4a889","type":"Microsoft.Flow/flows","properties":{"apiId":"/providers/Microsoft.PowerApps/apis/shared_logicflows","displayName":"uploadFiletoSharepoint","definition":{"metadata":{"workflowEntityId":null,"processAdvisorMetadata":null,"flowChargedByPaygo":null,"flowclientsuspensionreason":"None","flowclientsuspensiontime":null,"flowclientsuspensionreasondetails":null,"creator":{"id":"b9c553b3-4212-4e33-a21d-ed021df62e93","type":"User","tenantId":"68bae048-c310-4ec2-934f-cbc2588f30fe"},"provisioningMethod":"FromDefinition","failureAlertSubscription":true,"clientLastModifiedTime":"2024-06-14T19:32:05.7461302Z","connectionKeySavedTimeKey":"2024-06-14T19:32:05.7461302Z"},"$schema":"https://schema.management.azure.com/providers/Microsoft.Logic/schemas/2016-06-01/workflowdefinition.json#","contentVersion":"undefined","parameters":{"$connections":{"defaultValue":{},"type":"Object"},"$authentication":{"defaultValue":{},"type":"SecureObject"}},"triggers":{"manual":{"metadata":{"operationMetadataId":"afa3a00f-10dc-47af-adbe-048e51e3bd2d"},"type":"Request","kind":"PowerAppV2","inputs":{"schema":{"type":"object","properties":{"file":{"description":"Please select file or image","title":"File Content","type":"object","properties":{"name":{"type":"string"},"contentBytes":{"type":"string","format":"byte"}},"x-ms-content-hint":"FILE","x-ms-dynamically-added":true}},"required":["file"]}}}},"actions":{"Create_file":{"runAfter":{},"metadata":{"operationMetadataId":"d9fd471a-fd6a-478b-8039-271a5edb7ba1"},"type":"OpenApiConnection","inputs":{"parameters":{"dataset":"https://malomatiaqsc.sharepoint.com/sites/MySite2","folderPath":"/Shared Documents/InvoiceImages","name":"@triggerBody()?['file']?['name']","body":"@triggerBody()?['file']?['contentBytes']"},"host":{"apiId":"/providers/Microsoft.PowerApps/apis/shared_sharepointonline","connectionName":"shared_sharepointonline","operationId":"CreateFile"},"authentication":{"value":"@json(decodeBase64(triggerOutputs().headers['X-MS-APIM-Tokens']))['$ConnectionKey']","type":"Raw"}},"runtimeConfiguration":{"contentTransfer":{"transferMode":"Chunked"}}},"Respond_to_a_Power_App_or_flow":{"runAfter":{"Create_file":["Succeeded"]},"metadata":{"operationMetadataId":"f7298a38-8732-41a5-96bf-b06f99586762"},"type":"Response","kind":"PowerApp","inputs":{"statusCode":200,"body":{"fileuploaded":"Yes"},"schema":{"type":"object","properties":{"fileuploaded":{"title":"fileUploaded","x-ms-dynamically-added":true,"type":"string"}}}}},"Terminate":{"runAfter":{"Respond_to_a_Power_App_or_flow":["Succeeded"]},"metadata":{"operationMetadataId":"27027b69-fcf1-4387-84d1-a30fa47b56c5"},"type":"Terminate","inputs":{"runStatus":"Succeeded"}}}},"connectionReferences":{"shared_sharepointonline":{"connectionName":"shared-sharepointonl-0667ac08-6627-4d2e-8f3e-35e82941bdda","source":"Invoker","id":"/providers/Microsoft.PowerApps/apis/shared_sharepointonline","tier":"NotSpecified"}},"flowFailureAlertSubscribed":false,"isManaged":false}}