{"name":"b227e280-a0a9-46e5-a2a7-420e57f7473d","id":"/providers/Microsoft.Flow/flows/b227e280-a0a9-46e5-a2a7-420e57f7473d","type":"Microsoft.Flow/flows","properties":{"apiId":"/providers/Microsoft.PowerApps/apis/shared_logicflows","displayName":"New Invoice Processor","definition":{"metadata":{"workflowEntityId":null,"processAdvisorMetadata":null,"flowChargedByPaygo":null,"flowclientsuspensionreason":"None","flowclientsuspensiontime":null,"flowclientsuspensionreasondetails":null,"creator":{"id":"b9c553b3-4212-4e33-a21d-ed021df62e93","type":"User","tenantId":"68bae048-c310-4ec2-934f-cbc2588f30fe"},"provisioningMethod":"FromDefinition","failureAlertSubscription":true,"clientLastModifiedTime":"2024-06-15T08:11:57.9548569Z","connectionKeySavedTimeKey":"2024-06-15T08:11:57.9548569Z"},"$schema":"https://schema.management.azure.com/providers/Microsoft.Logic/schemas/2016-06-01/workflowdefinition.json#","contentVersion":"1.0.0.0","parameters":{"$connections":{"defaultValue":{},"type":"Object"},"$authentication":{"defaultValue":{},"type":"SecureObject"}},"triggers":{"When_an_invoice_is_uploaded":{"recurrence":{"frequency":"Minute","interval":5},"splitOn":"@triggerOutputs()?['body/value']","metadata":{"operationMetadataId":"28860f95-f7e4-434f-8946-5ea11c54a565"},"type":"OpenApiConnection","inputs":{"host":{"apiId":"/providers/Microsoft.PowerApps/apis/shared_sharepointonline","connectionName":"shared_sharepointonline","operationId":"GetOnNewFileItems"},"parameters":{"dataset":"https://malomatiaqsc.sharepoint.com/sites/MySite2","table":"e55fdac0-fa81-4f14-bcff-caf9967d0332","folderPath":"/Shared Documents/InvoiceImages"},"authentication":"@parameters('$authentication')"}}},"actions":{"Extract_information_from_invoices":{"runAfter":{"Get_file_content":["Succeeded"]},"metadata":{"flowSystemMetadata":{"portalOperationId":"aibuilderpredict_invoiceprocessingpretrained","portalOperationGroup":"aibuilder","portalOperationApiDisplayNameOverride":"AI Builder","portalOperationIconOverride":"https://content.powerapps.com/resource/makerx/static/pauto/images/designeroperations/aiBuilderNew.51dbdb6b.png","portalOperationBrandColorOverride":"#0A76C4","portalOperationApiTierOverride":"Standard"},"operationMetadataId":"c8e218e3-781a-4cd9-acf2-34a70d76c395"},"type":"OpenApiConnection","inputs":{"host":{"apiId":"/providers/Microsoft.PowerApps/apis/shared_commondataserviceforapps","connectionName":"shared_commondataserviceforapps","operationId":"aibuilderpredict_invoiceprocessingpretrained"},"parameters":{"item/requestv2/base64Encoded":"@body('Get_file_content')","recordId":"5ed4d0fd-e9d4-4026-b09b-71f83ea90c60"},"authentication":"@parameters('$authentication')"},"description":"This action will extract the data from the invoice you upload using Artificial Intelligence. Learn more about its capabilities at https://aka.ms/LearnInvoiceProcessing"},"Get_my_profile_(V2)":{"runAfter":{"Create_HTML_table":["Succeeded"]},"metadata":{"operationMetadataId":"b992e866-0a73-4d6f-b6fb-d5cd1ed0359a"},"type":"OpenApiConnection","inputs":{"host":{"apiId":"/providers/Microsoft.PowerApps/apis/shared_office365users","connectionName":"shared_office365users","operationId":"MyProfile_V2"},"parameters":{},"authentication":"@parameters('$authentication')"},"description":"This action retrieves your email address to be able to send you an email with the extracted information from the invoice."},"Create_HTML_table":{"runAfter":{"Extract_information_from_invoices":["Succeeded"]},"metadata":{"operationMetadataId":"ae7e1641-d2c4-4bd1-8b12-98f6e38fc7d1"},"type":"Table","inputs":{"from":"@outputs('Extract_information_from_invoices')?['body/responsev2/predictionOutput/result/keyValuePairs']","format":"HTML","columns":[{"header":"Key","value":"@item()?['key']"},{"header":"Value","value":"@item()?['value']"}]},"description":"This action puts the line items present on the invoice in a table that will be sent to you by email."},"Get_file_content":{"runAfter":{},"metadata":{"%252fShared%2bDocuments%252fInvoiceImages%252fWhatsApp%2bImage%2b2024-03-29%2bat%2b4.56.54%2bPM.jpeg":"/Shared Documents/InvoiceImages/WhatsApp Image 2024-03-29 at 4.56.54 PM.jpeg","operationMetadataId":"293ff9d4-8bb4-4ae6-a882-ac23bfe7d23f"},"type":"OpenApiConnection","inputs":{"host":{"apiId":"/providers/Microsoft.PowerApps/apis/shared_sharepointonline","connectionName":"shared_sharepointonline","operationId":"GetFileContent"},"parameters":{"dataset":"https://malomatiaqsc.sharepoint.com/sites/MySite2","id":"@triggerBody()?['{Identifier}']","inferContentType":true},"authentication":"@parameters('$authentication')"}},"Extracted_Data_Validated":{"actions":{"Start_and_wait_for_an_approval":{"runAfter":{},"metadata":{"operationMetadataId":"77893def-7be2-4396-ae1c-c13b5d26b025"},"type":"OpenApiConnectionWebhook","inputs":{"host":{"apiId":"/providers/Microsoft.PowerApps/apis/shared_approvals","connectionName":"shared_approvals","operationId":"StartAndWaitForAnApproval"},"parameters":{"approvalType":"Basic","WebhookApprovalCreationInput/title":"Approve Invoice Addition","WebhookApprovalCreationInput/assignedTo":"@outputs('Get_my_profile_(V2)')?['body/mail']","WebhookApprovalCreationInput/details":"Please approve the following invoice addition. \n@{outputs('Extract_information_from_invoices')?['body/responsev2/predictionOutput/result/fields/invoiceId/valueText']}","WebhookApprovalCreationInput/itemLink":"@triggerBody()?['{Link}']","WebhookApprovalCreationInput/itemLinkDescription":"@triggerBody()?['Title']","WebhookApprovalCreationInput/enableNotifications":true,"WebhookApprovalCreationInput/enableReassignment":true},"authentication":"@parameters('$authentication')"}},"Condition_1":{"actions":{"Update_to_\"Approved\"_Status":{"runAfter":{},"metadata":{"operationMetadataId":"b7ebecb5-9181-4194-bbc3-52b6baa1263d"},"type":"OpenApiConnection","inputs":{"host":{"apiId":"/providers/Microsoft.PowerApps/apis/shared_sharepointonline","connectionName":"shared_sharepointonline","operationId":"PatchItem"},"parameters":{"dataset":"https://malomatiaqsc.sharepoint.com/sites/MySite2","table":"eb871bca-9859-427e-ad63-4fa54174f0a2","id":"@body('Create_item_in_Invoice_Details')?['ID']","item/ApprovalStatus/Value":"Approved"},"authentication":"@parameters('$authentication')"}},"Add_a_row_into_a_table_copy":{"runAfter":{"Update_to_\"Approved\"_Status":["Succeeded"]},"metadata":{"01IJVEQJR4QRXXH6K3AVF35TARYUFJ7ECJ":"/InvoiceList.xlsx","tableId":"MyTable","operationMetadataId":"ebc48e3b-fd35-40ea-8f4c-adc1643905d8"},"type":"OpenApiConnection","inputs":{"host":{"apiId":"/providers/Microsoft.PowerApps/apis/shared_excelonlinebusiness","connectionName":"shared_excelonlinebusiness-1","operationId":"AddRowV2"},"parameters":{"source":"me","drive":"b!OYafeIXD7Umn_IdZKAbxQh9mmMQItxdDm76cJn9jUi3pwa6kHDxiQI3fdl9hiCJO","file":"01IJVEQJR4QRXXH6K3AVF35TARYUFJ7ECJ","table":"MyTable","item/Invoice ID":"@outputs('Extract_information_from_invoices')?['body/responsev2/predictionOutput/result/fields/invoiceId/valueText']","item/Purchase Order":"@outputs('Extract_information_from_invoices')?['body/responsev2/predictionOutput/result/fields/purchaseOrder/valueText']","item/Customer Name":"@outputs('Extract_information_from_invoices')?['body/responsev2/predictionOutput/result/fields/customerName/valueText']","item/Invoice Date":"@outputs('Extract_information_from_invoices')?['body/responsev2/predictionOutput/result/fields/invoiceDate/valueDate']","item/Due Date":"@outputs('Extract_information_from_invoices')?['body/responsev2/predictionOutput/result/fields/dueDate/valueDate']","item/Sub Total":"@{outputs('Extract_information_from_invoices')?['body/responsev2/predictionOutput/result/fields/subTotal/valueNumber']}","item/GST":"@{outputs('Extract_information_from_invoices')?['body/responsev2/predictionOutput/result/fields/totalTax/valueNumber']}","item/Invoice Total":"@{outputs('Extract_information_from_invoices')?['body/responsev2/predictionOutput/result/fields/invoiceTotal/valueNumber']}","item/Account balance":"@{outputs('Extract_information_from_invoices')?['body/responsev2/predictionOutput/result/fields/previousUnpaidBalance/valueNumber']}"},"authentication":"@parameters('$authentication')"}}},"runAfter":{"Start_and_wait_for_an_approval":["Succeeded"]},"else":{"actions":{"Update_to_\"Rejected\"_Status":{"runAfter":{},"metadata":{"operationMetadataId":"fcb44dc4-6289-41c3-90ae-46d3ec9a3a48"},"type":"OpenApiConnection","inputs":{"host":{"apiId":"/providers/Microsoft.PowerApps/apis/shared_sharepointonline","connectionName":"shared_sharepointonline","operationId":"PatchItem"},"parameters":{"dataset":"https://malomatiaqsc.sharepoint.com/sites/MySite2","table":"eb871bca-9859-427e-ad63-4fa54174f0a2","id":"@body('Create_item_in_Invoice_Details')?['ID']","item/ApprovalStatus/Value":"Rejected"},"authentication":"@parameters('$authentication')"}}}},"expression":{"and":[{"equals":["@body('Start_and_wait_for_an_approval')?['outcome']","Approve"]}]},"metadata":{"operationMetadataId":"e7070a15-ac4e-4238-85fe-468aaa3b0447"},"type":"If"}},"runAfter":{"For_each_1":["Succeeded"]},"else":{"actions":{"Update_to_\"No_Approval_Needed\"_Status":{"runAfter":{},"metadata":{"operationMetadataId":"a011ed77-6d6a-4402-bc38-5e2fa12ff3ec"},"type":"OpenApiConnection","inputs":{"host":{"apiId":"/providers/Microsoft.PowerApps/apis/shared_sharepointonline","connectionName":"shared_sharepointonline","operationId":"PatchItem"},"parameters":{"dataset":"https://malomatiaqsc.sharepoint.com/sites/MySite2","table":"eb871bca-9859-427e-ad63-4fa54174f0a2","id":"@body('Create_item_in_Invoice_Details')?['ID']","item/ApprovalStatus/Value":"No Approval Needed"},"authentication":"@parameters('$authentication')"}},"Add_a_row_into_a_table":{"runAfter":{"Update_to_\"No_Approval_Needed\"_Status":["Succeeded"]},"metadata":{"01IJVEQJR4QRXXH6K3AVF35TARYUFJ7ECJ":"/InvoiceList.xlsx","tableId":"MyTable","operationMetadataId":"92c2261c-b534-4c11-8211-4c06ba0ab971"},"type":"OpenApiConnection","inputs":{"host":{"apiId":"/providers/Microsoft.PowerApps/apis/shared_excelonlinebusiness","connectionName":"shared_excelonlinebusiness-1","operationId":"AddRowV2"},"parameters":{"source":"me","drive":"b!OYafeIXD7Umn_IdZKAbxQh9mmMQItxdDm76cJn9jUi3pwa6kHDxiQI3fdl9hiCJO","file":"01IJVEQJR4QRXXH6K3AVF35TARYUFJ7ECJ","table":"MyTable","item/Invoice ID":"@outputs('Extract_information_from_invoices')?['body/responsev2/predictionOutput/result/fields/invoiceId/valueText']","item/Purchase Order":"@outputs('Extract_information_from_invoices')?['body/responsev2/predictionOutput/result/fields/purchaseOrder/valueText']","item/Customer Name":"@outputs('Extract_information_from_invoices')?['body/responsev2/predictionOutput/result/fields/customerName/valueText']","item/Invoice Date":"@outputs('Extract_information_from_invoices')?['body/responsev2/predictionOutput/result/fields/invoiceDate/valueDate']","item/Due Date":"@outputs('Extract_information_from_invoices')?['body/responsev2/predictionOutput/result/fields/dueDate/valueDate']","item/Sub Total":"@{outputs('Extract_information_from_invoices')?['body/responsev2/predictionOutput/result/fields/subTotal/valueNumber']}","item/GST":"@{outputs('Extract_information_from_invoices')?['body/responsev2/predictionOutput/result/fields/totalTax/valueNumber']}","item/Invoice Total":"@{outputs('Extract_information_from_invoices')?['body/responsev2/predictionOutput/result/fields/invoiceTotal/valueNumber']}","item/Account balance":"@{outputs('Extract_information_from_invoices')?['body/responsev2/predictionOutput/result/fields/previousUnpaidBalance/valueNumber']}"},"authentication":"@parameters('$authentication')"}}}},"expression":{"or":[{"equals":["@empty(body('Create_item_in_Invoice_Details')?['Title'])",true]},{"equals":["@empty(string(body('Create_item_in_Invoice_Details')?['InvoiceTotal']))",true]},{"not":{"equals":["@variables('Line Items Total Amount')","@outputs('Extract_information_from_invoices')?['body/responsev2/predictionOutput/result/fields/subTotal/valueNumber']"]}}]},"metadata":{"operationMetadataId":"387ae57d-faaf-46b2-b5a0-ac5fb020c386"},"type":"If"},"Create_item_in_Invoice_Details":{"runAfter":{"Get_my_profile_(V2)":["Succeeded"]},"trackedProperties":{"ID":""},"metadata":{"operationMetadataId":"9221ca5f-79ae-443e-92fd-923467764d19"},"type":"OpenApiConnection","inputs":{"host":{"apiId":"/providers/Microsoft.PowerApps/apis/shared_sharepointonline","connectionName":"shared_sharepointonline","operationId":"PostItem"},"parameters":{"dataset":"https://malomatiaqsc.sharepoint.com/sites/MySite2","table":"eb871bca-9859-427e-ad63-4fa54174f0a2","item/Title":"@outputs('Extract_information_from_invoices')?['body/responsev2/predictionOutput/result/fields/invoiceId/valueText']","item/CustomerName":"@outputs('Extract_information_from_invoices')?['body/responsev2/predictionOutput/result/fields/customerName/valueText']","item/InvoiceDate":"@outputs('Extract_information_from_invoices')?['body/responsev2/predictionOutput/result/fields/invoiceDate/valueText']","item/DueDate":"@outputs('Extract_information_from_invoices')?['body/responsev2/predictionOutput/result/fields/dueDate/valueText']","item/SubTotal":"@outputs('Extract_information_from_invoices')?['body/responsev2/predictionOutput/result/fields/subTotal/valueNumber']","item/Tax":"@outputs('Extract_information_from_invoices')?['body/responsev2/predictionOutput/result/fields/totalTax/valueNumber']","item/InvoiceTotal":"@outputs('Extract_information_from_invoices')?['body/responsev2/predictionOutput/result/fields/invoiceTotal/valueNumber']","item/AccountBalance":"@outputs('Extract_information_from_invoices')?['body/responsev2/predictionOutput/result/fields/previousUnpaidBalance/valueNumber']","item/PurchaseOrder":"@outputs('Extract_information_from_invoices')?['body/responsev2/predictionOutput/result/fields/purchaseOrder/valueText']"},"authentication":"@parameters('$authentication')"}},"For_each":{"foreach":"@outputs('Extract_information_from_invoices')?['body/responsev2/predictionOutput/result/items']","actions":{"Create_item_in_Invoice_List_Items":{"runAfter":{},"metadata":{"operationMetadataId":"3eae0a76-a1df-4bf9-a306-6106ebf09292"},"type":"OpenApiConnection","inputs":{"host":{"apiId":"/providers/Microsoft.PowerApps/apis/shared_sharepointonline","connectionName":"shared_sharepointonline","operationId":"PostItem"},"parameters":{"dataset":"https://malomatiaqsc.sharepoint.com/sites/MySite2","table":"Invoice Line Items","item/Title":"@outputs('Extract_information_from_invoices')?['body/responsev2/predictionOutput/result/fields/invoiceId/valueText']","item/ItemName":"@items('For_each')?['fields/productCode/valueText']","item/ProductDesc":"@items('For_each')?['fields/description/valueText']","item/Qty":"@items('For_each')?['fields/quantity/valueNumber']","item/Rate":"@items('For_each')?['fields/unitPrice/valueNumber']","item/TotalAmount":"@items('For_each')?['fields/amount/valueNumber']"},"authentication":"@parameters('$authentication')"}}},"runAfter":{"Create_item_in_Invoice_Details":["Succeeded"]},"metadata":{"operationMetadataId":"41c0239b-f804-49c5-9b9d-18100d52dcdf"},"type":"Foreach"},"Initialize_LineItemsTotal":{"runAfter":{"For_each":["Succeeded"]},"metadata":{"operationMetadataId":"a97071d7-0d0b-46df-a963-98269b04a375"},"type":"InitializeVariable","inputs":{"variables":[{"name":"Line Items Total Amount","type":"float","value":0}]}},"For_each_1":{"foreach":"@outputs('Extract_information_from_invoices')?['body/responsev2/predictionOutput/result/items']","actions":{"Set_LineItemsTotal":{"runAfter":{"Set_TempVariable":["Succeeded"]},"metadata":{"operationMetadataId":"4579e278-5c30-4f31-96f0-2e5dd350d789"},"type":"SetVariable","inputs":{"name":"Line Items Total Amount","value":"@add(variables('TempVar'), items('For_each_1')?['fields/amount/valueNumber'])"}},"Set_TempVariable":{"runAfter":{},"metadata":{"operationMetadataId":"32958a03-2d4a-4963-9798-9ca728b1ab4a"},"type":"SetVariable","inputs":{"name":"TempVar","value":"@variables('Line Items Total Amount')"}}},"runAfter":{"Initialize_TempVariable_":["Succeeded"]},"metadata":{"operationMetadataId":"165d5358-4fcb-421a-8f87-40c80f0781c0"},"type":"Foreach"},"Initialize_TempVariable_":{"runAfter":{"Initialize_LineItemsTotal":["Succeeded"]},"metadata":{"operationMetadataId":"7c176cd1-b214-48ed-afed-c56a094d9257"},"type":"InitializeVariable","inputs":{"variables":[{"name":"TempVar","type":"float","value":"@variables('Line Items Total Amount')"}]}}},"outputs":{}},"connectionReferences":{"shared_commondataserviceforapps":{"connectionName":"shared-commondataser-94ef5254-2a07-48d3-a0a2-6d83d5341ed6","source":"Embedded","id":"/providers/Microsoft.PowerApps/apis/shared_commondataserviceforapps","tier":"NotSpecified"},"shared_office365users":{"connectionName":"shared-office365user-d419f982-9041-4d9e-a7fe-6e37536baaa1","source":"Embedded","id":"/providers/Microsoft.PowerApps/apis/shared_office365users","tier":"NotSpecified"},"shared_sharepointonline":{"connectionName":"shared-sharepointonl-0667ac08-6627-4d2e-8f3e-35e82941bdda","source":"Embedded","id":"/providers/Microsoft.PowerApps/apis/shared_sharepointonline","tier":"NotSpecified"},"shared_approvals":{"connectionName":"shared-approvals-1ae65bca-f72b-457b-9208-344f6a8a25ff","source":"Embedded","id":"/providers/Microsoft.PowerApps/apis/shared_approvals","tier":"NotSpecified"},"shared_excelonlinebusiness-1":{"connectionName":"dadb0e03dbf74398bd828fa44397ca9d","source":"Embedded","id":"/providers/Microsoft.PowerApps/apis/shared_excelonlinebusiness","tier":"NotSpecified"}},"flowFailureAlertSubscribed":false,"isManaged":false}}