{"name":"3ed5352d-bfa9-4487-9635-3d044cbd0c51","id":"/providers/Microsoft.Flow/flows/3ed5352d-bfa9-4487-9635-3d044cbd0c51","type":"Microsoft.Flow/flows","properties":{"apiId":"/providers/Microsoft.PowerApps/apis/shared_logicflows","displayName":"ValidateVendor","definition":{"metadata":{"workflowEntityId":null,"processAdvisorMetadata":null,"flowChargedByPaygo":null,"flowclientsuspensionreason":"None","flowclientsuspensiontime":null,"flowclientsuspensionreasondetails":null,"creator":{"id":"b9c553b3-4212-4e33-a21d-ed021df62e93","type":"User","tenantId":"68bae048-c310-4ec2-934f-cbc2588f30fe"},"provisioningMethod":"FromDefinition","failureAlertSubscription":true,"clientLastModifiedTime":"2024-06-14T19:06:24.7635439Z","connectionKeySavedTimeKey":"2024-06-14T19:06:24.7635439Z"},"$schema":"https://schema.management.azure.com/providers/Microsoft.Logic/schemas/2016-06-01/workflowdefinition.json#","contentVersion":"1.0.0.0","parameters":{"$authentication":{"defaultValue":{},"type":"SecureObject"},"$connections":{"defaultValue":{},"type":"Object"}},"triggers":{"manual":{"metadata":{"operationMetadataId":"edf42ece-03b9-4c9b-9a38-194cc962c169"},"type":"Request","kind":"PowerAppV2","inputs":{"schema":{"type":"object","properties":{"text":{"title":"VendorID","type":"string","x-ms-dynamically-added":true,"description":"Please enter your input","x-ms-content-hint":"TEXT"}},"required":["text"]}}}},"actions":{"Set_Vendor_ID":{"runAfter":{},"metadata":{"operationMetadataId":"783508b5-2e07-42ba-90b2-e6801b133a35"},"type":"InitializeVariable","inputs":{"variables":[{"name":"Vendor","type":"string","value":"@triggerBody()['text']"}]}},"Get_Approved_Vendors_List":{"runAfter":{"Set_Vendor_ID":["Succeeded"]},"metadata":{"operationMetadataId":"9cf95ad3-54a9-4d6c-af6f-676b180eca08"},"type":"OpenApiConnection","inputs":{"parameters":{"dataset":"https://malomatiaqsc.sharepoint.com/sites/MySite2","table":"78bfefe0-ffbb-49cc-b635-80cbd7658f45"},"host":{"apiId":"/providers/Microsoft.PowerApps/apis/shared_sharepointonline","connectionName":"shared_sharepointonline","operationId":"GetItems"},"authentication":{"value":"@json(decodeBase64(triggerOutputs().headers['X-MS-APIM-Tokens']))['$ConnectionKey']","type":"Raw"}}},"Filter_List_by_Vendor_ID":{"runAfter":{"Get_Approved_Vendors_List":["Succeeded"]},"metadata":{"operationMetadataId":"756fa60c-78ae-4196-96db-773eb129df5b"},"type":"Query","inputs":{"from":"@outputs('Get_Approved_Vendors_List')?['body/value']","where":"@equals(item()?['Title'],variables('Vendor'))"}},"Condition":{"actions":{"Respond_to_the_Power_App":{"metadata":{"operationMetadataId":"f9a3664d-21ce-4d24-bb9e-eec94a37719d"},"type":"Response","kind":"PowerApp","inputs":{"schema":{"type":"object","properties":{"valid":{"title":"valid","x-ms-dynamically-added":true,"type":"string"}},"additionalProperties":{}},"statusCode":200,"body":{"valid":"Yes"}}}},"runAfter":{"Filter_List_by_Vendor_ID":["Succeeded"]},"else":{"actions":{"Get_user_profile_(V2)":{"metadata":{"operationMetadataId":"9d12638a-ae8b-4d1c-8edb-c8c1d5ef037c"},"type":"OpenApiConnection","inputs":{"parameters":{"id":"msohail@malomatia.com"},"host":{"apiId":"/providers/Microsoft.PowerApps/apis/shared_office365users","connectionName":"shared_office365users","operationId":"UserProfile_V2"},"authentication":{"value":"@json(decodeBase64(triggerOutputs().headers['X-MS-APIM-Tokens']))['$ConnectionKey']","type":"Raw"}}},"Wait_for_vendor_approval":{"runAfter":{"Get_user_profile_(V2)":["Succeeded"]},"metadata":{"operationMetadataId":"8567a428-463c-48e6-b812-d427af10e9a0"},"type":"OpenApiConnectionWebhook","inputs":{"parameters":{"approvalType":"BasicAwaitAll","WebhookApprovalCreationInput/title":"Vendor Approval","WebhookApprovalCreationInput/assignedTo":"@outputs('Get_user_profile_(V2)')?['body/mail']","WebhookApprovalCreationInput/details":"The following vendor doesn't exist in the Approved Vendors List, kindly approve the request to process their invoice. \nVendor ID: @{variables('Vendor')}","WebhookApprovalCreationInput/enableNotifications":true,"WebhookApprovalCreationInput/enableReassignment":true},"host":{"apiId":"/providers/Microsoft.PowerApps/apis/shared_approvals","connectionName":"shared_approvals","operationId":"StartAndWaitForAnApproval"},"authentication":{"value":"@json(decodeBase64(triggerOutputs().headers['X-MS-APIM-Tokens']))['$ConnectionKey']","type":"Raw"}}},"Condition_1":{"actions":{"Respond_to_the_Power_App_1":{"metadata":{"operationMetadataId":"32a9e6f7-9531-4910-96f5-00cf297ea80e"},"type":"Response","kind":"PowerApp","inputs":{"schema":{"type":"object","properties":{"valid":{"title":"valid","x-ms-dynamically-added":true,"type":"string"}},"additionalProperties":{}},"statusCode":200,"body":{"valid":"Yes"}}},"Terminate-copy":{"runAfter":{"Respond_to_the_Power_App_1":["Succeeded"]},"metadata":{"operationMetadataId":"d349f9d0-97a8-428b-a131-d2ff0c7d35e4"},"type":"Terminate","inputs":{"runStatus":"Succeeded"}}},"runAfter":{"Wait_for_vendor_approval":["Succeeded"]},"else":{"actions":{"Respond_to_a_Power_App_2":{"metadata":{"operationMetadataId":"1da58173-a020-489c-bf04-22da6cfe1c00"},"type":"Response","kind":"PowerApp","inputs":{"schema":{"type":"object","properties":{"valid":{"title":"valid","x-ms-dynamically-added":true,"type":"string"}},"additionalProperties":{}},"statusCode":200,"body":{"valid":"No"}}},"Terminate":{"runAfter":{"Respond_to_a_Power_App_2":["Succeeded"]},"metadata":{"operationMetadataId":"409c8eda-ddb3-4631-81fd-b3c47a1fda8b"},"type":"Terminate","inputs":{"runStatus":"Succeeded"}}}},"expression":{"and":[{"equals":["@body('Wait_for_vendor_approval')?['outcome']","Approve"]}]},"metadata":{"operationMetadataId":"a11d9ae8-0f8a-4ac2-99ef-599bcef615c7"},"type":"If"}}},"expression":{"and":[{"greater":["@length(outputs('Filter_List_by_Vendor_ID')['body'])",0]}]},"metadata":{"operationMetadataId":"e3633cdb-aafc-49d0-889d-97dd6e52b041"},"type":"If"}}},"connectionReferences":{"shared_sharepointonline":{"connectionName":"shared-sharepointonl-0667ac08-6627-4d2e-8f3e-35e82941bdda","source":"Invoker","id":"/providers/Microsoft.PowerApps/apis/shared_sharepointonline","tier":"NotSpecified"},"shared_office365users":{"connectionName":"shared-office365user-d419f982-9041-4d9e-a7fe-6e37536baaa1","source":"Invoker","id":"/providers/Microsoft.PowerApps/apis/shared_office365users","tier":"NotSpecified"},"shared_approvals":{"connectionName":"shared-approvals-1ae65bca-f72b-457b-9208-344f6a8a25ff","source":"Invoker","id":"/providers/Microsoft.PowerApps/apis/shared_approvals","tier":"NotSpecified"}},"flowFailureAlertSubscribed":false,"isManaged":false}}