{"schemaVersion":"1.0","appDefinitionTemplate":{"id":"/providers/Microsoft.PowerApps/apps/","type":"Microsoft.PowerApps/apps","tags":{"primaryDeviceWidth":"640","primaryDeviceHeight":"1136","supportsPortrait":"true","supportsLandscape":"true","primaryFormFactor":"Phone","showStatusBar":"false","publisherVersion":"3.24061.21","minimumRequiredApiVersion":"2.2.0","hasComponent":"false","hasUnlockedComponent":"false","isUnifiedRootApp":"false","sienaVersion":"20240615T121301Z-3.24061.21.0"},"properties":{"appVersion":"2024-06-15T12:13:01Z","lifeCycleId":"Published","createdByClientVersion":{"major":3,"minor":24061,"build":21,"revision":0,"majorRevision":0,"minorRevision":0},"minClientVersion":{"major":3,"minor":24061,"build":21,"revision":0,"majorRevision":0,"minorRevision":0},"backgroundColor":"RGBA(0,176,240,1)","backgroundImageUri":"/17026353256469715569/N347935cd-8d28-4d3c-b7d9-02b919db2fb9-logoSmallFile","displayName":"Invoice Capture","description":"","commitMessage":"","appUris":{"documentUri":{"value":"/17026353256469715569/N9c643239-1fe1-46b9-af6f-63bb651e62ea-document.msapp"},"imageUris":[],"additionalUris":[{"isSolutionAware":false,"value":"/17026353256469715569/N84b2febb-8c03-45e3-9dd4-afc64e055bc8-identity.json"}]},"createdTime":"0001-01-01T00:00:00Z","lastModifiedTime":"0001-01-01T00:00:00Z","sharedGroupsCount":0,"sharedUsersCount":0,"connectionReferences":{"af7fec1b-f7e0-4c89-9581-55a96826c62b":{"id":"2464c12c-46d0-4b86-9cc8-d394e83826b1","displayName":"Logic flows","iconUri":"https://connectoricons-prod.azureedge.net/releases/v1.0.1697/1.0.1697.3784/logicflows/icon.png","dataSources":["uploadFiletoSharepoint"],"dependencies":["8f276eb5-a986-4295-9461-f235a82a7329"],"dependents":[],"parameterHints":{"workflowName":{"value":"766fa262-34a6-4e3b-9d51-26c48e4a4846"},"workflowEntityId":{},"workflowDisplayName":{"value":"uploadFiletoSharepoint"},"8f276eb5-a986-4295-9461-f235a82a7329":{"value":"shared_sharepointonline"}},"parameterHintsV2":{"workflowName":{"value":"766fa262-34a6-4e3b-9d51-26c48e4a4846"},"workflowEntityId":{},"workflowDisplayName":{"value":"uploadFiletoSharepoint"},"shared_sharepointonline":{"value":"8f276eb5-a986-4295-9461-f235a82a7329"}},"isOnPremiseConnection":false,"bypassConsent":false,"dataSets":{},"apiTier":"Standard","isCustomApiConnection":false,"actions":["Run"],"nestedActions":[{"id":"/providers/Microsoft.PowerApps/apis/shared_sharepointonline/apiOperations/CreateFile","apiName":"SharePoint","actionName":"CreateFile","referencedResources":[{"key":"site","value":"https://malomatiaqsc.sharepoint.com/sites/MySite2"}]}]},"8f276eb5-a986-4295-9461-f235a82a7329":{"id":"7aad7162-ca34-4fa0-a2ea-4b4d3a089cca","displayName":"SharePoint","iconUri":"https://connectoricons-prod.azureedge.net/releases/v1.0.1694/1.0.1694.3752/sharepointonline/icon.png","dataSources":["Invoice Details","Invoice Details_1","Invoice Line Items","Invoice Details_2"],"dependencies":[],"dependents":["af7fec1b-f7e0-4c89-9581-55a96826c62b","2789c7f3-7aff-4301-8edd-a8b2136dfb7b"],"parameterHints":{},"parameterHintsV2":{},"isOnPremiseConnection":false,"bypassConsent":false,"dataSets":{"https://malomatiaqsc.sharepoint.com/sites/MySite2":{"dataSources":{"Invoice Details":{"tableName":"eb871bca-9859-427e-ad63-4fa54174f0a2"},"Invoice Details_1":{"tableName":"eb871bca-9859-427e-ad63-4fa54174f0a2"},"Invoice Line Items":{"tableName":"134b9b6d-1b05-4ee2-aba2-c429a06ae2b3"},"Invoice Details_2":{"tableName":"eb871bca-9859-427e-ad63-4fa54174f0a2"}}}},"apiTier":"Standard","isCustomApiConnection":false,"actions":["providers/PowerPlatform.Governance/Operations/Read"]},"2789c7f3-7aff-4301-8edd-a8b2136dfb7b":{"id":"2464c12c-46d0-4b86-9cc8-d394e83826b1","displayName":"Logic flows","iconUri":"https://connectoricons-prod.azureedge.net/releases/v1.0.1697/1.0.1697.3784/logicflows/icon.png","dataSources":["ValidateVendor"],"dependencies":["8f276eb5-a986-4295-9461-f235a82a7329","e1a85c37-4750-44ba-b2de-f222621ba344","b7043f3c-266d-453b-8dbb-4600b4bf3a5e"],"dependents":[],"parameterHints":{"workflowName":{"value":"35b6c3ef-6b61-41e2-97ec-5743e6428fe6"},"workflowEntityId":{},"workflowDisplayName":{"value":"ValidateVendor"},"8f276eb5-a986-4295-9461-f235a82a7329":{"value":"shared_sharepointonline"},"e1a85c37-4750-44ba-b2de-f222621ba344":{"value":"shared_approvals"},"b7043f3c-266d-453b-8dbb-4600b4bf3a5e":{"value":"shared_office365users"}},"parameterHintsV2":{"workflowName":{"value":"35b6c3ef-6b61-41e2-97ec-5743e6428fe6"},"workflowEntityId":{},"workflowDisplayName":{"value":"ValidateVendor"},"shared_sharepointonline":{"value":"8f276eb5-a986-4295-9461-f235a82a7329"},"shared_approvals":{"value":"e1a85c37-4750-44ba-b2de-f222621ba344"},"shared_office365users":{"value":"b7043f3c-266d-453b-8dbb-4600b4bf3a5e"}},"isOnPremiseConnection":false,"bypassConsent":false,"dataSets":{},"apiTier":"Standard","isCustomApiConnection":false,"actions":["Run"],"nestedActions":[{"id":"/providers/Microsoft.PowerApps/apis/shared_sharepointonline/apiOperations/GetItems","apiName":"SharePoint","actionName":"GetItems","referencedResources":[{"key":"site","value":"https://malomatiaqsc.sharepoint.com/sites/MySite2"},{"key":"list","value":"78bfefe0-ffbb-49cc-b635-80cbd7658f45"}]},{"id":"/providers/Microsoft.PowerApps/apis/shared_office365users/apiOperations/UserProfile_V2","apiName":"Office 365 Users","actionName":"UserProfile_V2","referencedResources":[]}]},"e1a85c37-4750-44ba-b2de-f222621ba344":{"id":"89d54294-4d30-4689-92e5-1f284157334c","displayName":"Approvals","iconUri":"https://connectoricons-prod.azureedge.net/releases/v1.0.1682/1.0.1682.3671/approvals/icon.png","dataSources":[],"dependencies":[],"dependents":["2789c7f3-7aff-4301-8edd-a8b2136dfb7b"],"parameterHints":{},"parameterHintsV2":{},"isOnPremiseConnection":false,"bypassConsent":false,"dataSets":{},"apiTier":"Standard","isCustomApiConnection":false},"b7043f3c-266d-453b-8dbb-4600b4bf3a5e":{"id":"1b1f7a1d-27b4-4937-8e1d-ab19cb99e2d3","displayName":"Office 365 Users","iconUri":"https://connectoricons-prod.azureedge.net/releases/v1.0.1686/1.0.1686.3706/office365users/icon.png","dataSources":[],"dependencies":[],"dependents":["2789c7f3-7aff-4301-8edd-a8b2136dfb7b"],"parameterHints":{},"parameterHintsV2":{},"isOnPremiseConnection":false,"bypassConsent":false,"dataSets":{},"apiTier":"Standard","isCustomApiConnection":false}},"databaseReferences":{},"almMode":"Environment","performanceOptimizationEnabled":true,"canConsumeAppPass":true,"enableModernRuntimeMode":false,"executionRestrictions":{"isTeamsOnly":false,"dataLossPreventionEvaluationResult":{"status":"Compliant","lastEvaluationDate":"2024-06-15T13:02:44.3997271Z","violations":[],"violationsByPolicy":[],"violationErrorMessage":"The app uses the following connectors: shared_logicflows, shared_sharepointonline, shared_approvals, shared_office365users."},"httpActionRestriction":{"appUsesSharepointHttpAction":false,"enforcementStrategy":"Legacy","evaluationTime":"2024-06-15T13:02:44.3995684Z"}}},"appType":"ClassicCanvasApp","appComponents":[]}}